﻿<?xml version="1.0" encoding="utf-8" ?>
<c2eventsheet>
    <!--All the 'name' attributes are ignored by Construct 2 - they are there for readability only.-->
    <name>Event sheet 3</name>
    <events>
        <variable constant="0" name="fishcount" sid="8415788049406539" static="0" type="number">0</variable>
        <variable constant="0" name="health" sid="3518260366863077" static="0" type="number">2</variable>
        <variable constant="0" name="score" sid="9686181672864252" static="0" type="number">0</variable>
        <variable constant="0" name="timer" sid="5138460451238665" static="0" type="number">0</variable>
        <variable constant="0" name="girlspeed" sid="1023720400719911" static="0" type="number">100</variable>
        <event-block sid="3741260261040577">
            <conditions>
                <condition id="-2" name="On start of layout" sid="608241161429205" type="System" />
            </conditions>
            <actions>
                <action id="-8" name="Set angle" sid="4375129194748861" type="girl">
                    <param id="0" name="Angle">random(360)</param>
                </action>
                <action id="-15" name="Set visible" sid="7344223701513802" type="fish2">
                    <param id="0" name="Visibility">0</param>
                </action>
                <action id="-15" name="Set visible" sid="6320091896957125" type="fish3">
                    <param id="0" name="Visibility">0</param>
                </action>
                <action id="-8" name="Set angle" sid="2665435733749941" type="whale">
                    <param id="0" name="Angle">random(360)</param>
                </action>
                <action id="-8" name="Set angle" sid="3483995668099953" type="girl2">
                    <param id="0" name="Angle">random(360)</param>
                </action>
                <action id="-8" name="Set angle" sid="5490078706583141" type="girl3">
                    <param id="0" name="Angle">random(360)</param>
                </action>
            </actions>
        </event-block>
        <event-block sid="1433817528542219">
            <conditions>
                <condition id="-1" name="Every tick" sid="7086170013454047" type="System" />
            </conditions>
            <actions>
                <action id="-10" name="Add to" sid="7475702852152141" type="System">
                    <param id="0" name="Variable">timer</param>
                    <param id="1" name="Value">dt</param>
                </action>
                <action id="0" name="Set text" sid="5013917795726536" type="scoretext">
                    <param id="0" name="Text">&quot;Score: &quot; &amp; Score</param>
                </action>
                <action id="0" name="Set text" sid="6304977578497721" type="healthtext">
                    <param id="0" name="Text">&quot;Health : &quot;&amp;health</param>
                </action>
            </actions>
        </event-block>
        <event-block sid="2965211115293826">
            <conditions>
                <condition id="0" name="On collision with another object" sid="7877845258413864" type="boy">
                    <param id="0" name="Object">fish1</param>
                </condition>
            </conditions>
            <actions>
                <action id="-10" name="Add to" sid="4726314618239983" type="System">
                    <param id="0" name="Variable">score</param>
                    <param id="1" name="Value">2</param>
                </action>
                <action id="-9" name="Destroy" sid="7659785183599136" type="fish1" />
                <action id="0" name="Play" sid="8046516823368195" type="Audio">
                    <param id="0" name="Audio file">RetroLaser1</param>
                    <param id="2" name="Loop">0</param>
                    <param id="3" name="Volume">0</param>
                    <param id="1" name="Tag (optional)">&quot;&quot;</param>
                </action>
                <action id="-10" name="Add to" sid="814627992238411" type="System">
                    <param id="0" name="Variable">fishcount</param>
                    <param id="1" name="Value">1</param>
                </action>
            </actions>
        </event-block>
        <event-block sid="6844396447812306">
            <conditions>
                <condition id="-6" name="Every X seconds" sid="2256697175120718" type="System">
                    <param id="0" name="Interval (seconds)">3</param>
                </condition>
            </conditions>
            <actions>
                <action id="-3" name="Create object" sid="5873613639001801" type="System">
                    <param id="0" name="Object to create">fish1</param>
                    <param id="1" name="Layer">&quot;Main&quot;</param>
                    <param id="2" name="X">random(1200)</param>
                    <param id="3" name="Y">random(950)</param>
                </action>
            </actions>
        </event-block>
        <event-block sid="9807273988368592">
            <conditions>
                <condition id="0" name="On collision with another object" sid="6571733526590956" type="girl">
                    <param id="0" name="Object">boy</param>
                </condition>
            </conditions>
            <actions>
                <action id="-11" name="Subtract from" sid="9721373774769447" type="System">
                    <param id="0" name="Variable">health</param>
                    <param id="1" name="Value">1</param>
                </action>
                <action id="0" name="Play" sid="7834688538980929" type="Audio">
                    <param id="0" name="Audio file">ouch 1</param>
                    <param id="2" name="Loop">0</param>
                    <param id="3" name="Volume">-8</param>
                    <param id="1" name="Tag (optional)">&quot;&quot;</param>
                </action>
            </actions>
        </event-block>
        <event-block sid="8166712376744046">
            <conditions>
                <condition id="-14" name="Compare variable" sid="5220737761095664" type="System">
                    <param id="0" name="Variable">health</param>
                    <param id="1" name="Comparison">3</param>
                    <param id="2" name="Value">0</param>
                </condition>
            </conditions>
            <actions>
                <action id="-9" name="Destroy" sid="9407737786622595" type="boy" />
                <action id="-2" name="Go to layout" sid="1576037888959288" type="System">
                    <param id="0" name="Layout">Layout 4</param>
                </action>
                <action id="0" name="Play" sid="3168782905367191" type="Audio">
                    <param id="0" name="Audio file">gameover</param>
                    <param id="2" name="Loop">0</param>
                    <param id="3" name="Volume">0</param>
                    <param id="1" name="Tag (optional)">&quot;&quot;</param>
                </action>
            </actions>
        </event-block>
        <event-block sid="2969634811891183">
            <conditions>
                <condition id="-4" name="Is outside layout" sid="816190090451305" type="girl" />
            </conditions>
            <actions>
                <action id="-22" name="Set angle toward position" sid="2592516835115656" type="girl">
                    <param id="0" name="X">boy.X</param>
                    <param id="1" name="Y">boy.Y</param>
                </action>
            </actions>
        </event-block>
        <event-block sid="3838670638532961">
            <conditions>
                <condition id="-11" name="For Each" sid="3518799061071905" type="System">
                    <param id="0" name="Object">girl</param>
                </condition>
                <condition id="-8" name="Compare two values" sid="400942009285681" type="System">
                    <param id="0" name="First value">distance(boy.X, boy.Y, girl.X, girl.Y)</param>
                    <param id="1" name="Comparison">2</param>
                    <param id="2" name="Second value">200</param>
                </condition>
            </conditions>
            <actions>
                <action id="-21" name="Rotate toward position" sid="5585084544578614" type="girl">
                    <param id="0" name="Degrees">random(4)</param>
                    <param id="1" name="X">boy.X</param>
                    <param id="2" name="Y">boy.Y</param>
                </action>
            </actions>
        </event-block>
        <event-block sid="12150849305932">
            <conditions>
                <condition id="-6" name="Every X seconds" sid="244478372199079" type="System">
                    <param id="0" name="Interval (seconds)">5</param>
                </condition>
            </conditions>
            <actions>
                <action id="-10" name="Add to" sid="4862483396250147" type="System">
                    <param id="0" name="Variable">girlspeed</param>
                    <param id="1" name="Value">3</param>
                </action>
            </actions>
        </event-block>
        <event-block sid="3802890491468974">
            <conditions>
                <condition id="0" name="On collision with another object" sid="8522040506882629" type="boy">
                    <param id="0" name="Object">fish2</param>
                </condition>
            </conditions>
            <actions>
                <action id="-10" name="Add to" sid="1277411781070596" type="System">
                    <param id="0" name="Variable">score</param>
                    <param id="1" name="Value">7</param>
                </action>
                <action id="-9" name="Destroy" sid="4385726869698458" type="fish2" />
                <action id="0" name="Play" sid="4208404594252307" type="Audio">
                    <param id="0" name="Audio file">SFX5</param>
                    <param id="2" name="Loop">0</param>
                    <param id="3" name="Volume">-10</param>
                    <param id="1" name="Tag (optional)">&quot;&quot;</param>
                </action>
                <action id="-10" name="Add to" sid="924742838097877" type="System">
                    <param id="0" name="Variable">fishcount</param>
                    <param id="1" name="Value">1</param>
                </action>
            </actions>
        </event-block>
        <event-block sid="6863668580852963">
            <conditions>
                <condition id="0" name="On collision with another object" sid="8220161174066027" type="boy">
                    <param id="0" name="Object">fish3</param>
                </condition>
            </conditions>
            <actions>
                <action id="-10" name="Add to" sid="975418877812827" type="System">
                    <param id="0" name="Variable">score</param>
                    <param id="1" name="Value">4</param>
                </action>
                <action id="-9" name="Destroy" sid="2954901592731219" type="fish3" />
                <action id="0" name="Play" sid="9816433588906951" type="Audio">
                    <param id="0" name="Audio file">SFX1</param>
                    <param id="2" name="Loop">0</param>
                    <param id="3" name="Volume">0</param>
                    <param id="1" name="Tag (optional)">&quot;&quot;</param>
                </action>
                <action id="-10" name="Add to" sid="7977315335322672" type="System">
                    <param id="0" name="Variable">fishcount</param>
                    <param id="1" name="Value">1</param>
                </action>
            </actions>
        </event-block>
        <event-block sid="7999308160633175">
            <conditions>
                <condition id="-6" name="Every X seconds" sid="1094918104854369" type="System">
                    <param id="0" name="Interval (seconds)">10</param>
                </condition>
            </conditions>
            <actions>
                <action behavior="Bullet" id="0" name="Set speed" sid="3244447023514432" type="girl">
                    <param id="0" name="Speed">105</param>
                </action>
                <action behavior="Bullet" id="0" name="Set speed" sid="7725046675939996" type="girl2">
                    <param id="0" name="Speed">110</param>
                </action>
            </actions>
        </event-block>
        <event-block sid="429324597405962">
            <conditions>
                <condition id="-6" name="Every X seconds" sid="9681417538996535" type="System">
                    <param id="0" name="Interval (seconds)">15</param>
                </condition>
            </conditions>
            <actions>
                <action behavior="Bullet" id="1" name="Set acceleration" sid="5147212258672689" type="girl">
                    <param id="0" name="Acceleration">1</param>
                </action>
                <action behavior="Bullet" id="1" name="Set acceleration" sid="1347103528502898" type="girl3">
                    <param id="0" name="Acceleration">1</param>
                </action>
            </actions>
        </event-block>
        <event-block sid="7492842962572845">
            <conditions>
                <condition id="-6" name="Every X seconds" sid="3693355873221646" type="System">
                    <param id="0" name="Interval (seconds)">5</param>
                </condition>
            </conditions>
            <actions>
                <action id="-3" name="Create object" sid="6835607498204161" type="System">
                    <param id="0" name="Object to create">fish2</param>
                    <param id="1" name="Layer">1</param>
                    <param id="2" name="X">random(30,1200)</param>
                    <param id="3" name="Y">random(30,970)</param>
                </action>
            </actions>
        </event-block>
        <event-block sid="7887003973678616">
            <conditions>
                <condition id="-6" name="Every X seconds" sid="521112121993986" type="System">
                    <param id="0" name="Interval (seconds)">8</param>
                </condition>
            </conditions>
            <actions>
                <action id="-3" name="Create object" sid="7262075217338633" type="System">
                    <param id="0" name="Object to create">fish3</param>
                    <param id="1" name="Layer">1</param>
                    <param id="2" name="X">random(30,1200)</param>
                    <param id="3" name="Y">random(30,970)</param>
                </action>
            </actions>
        </event-block>
        <event-block sid="9213545629899874">
            <conditions>
                <condition id="-14" name="Compare variable" sid="7740988309706719" type="System">
                    <param id="0" name="Variable">score</param>
                    <param id="1" name="Comparison">0</param>
                    <param id="2" name="Value">60</param>
                </condition>
            </conditions>
            <actions>
                <action id="0" name="Play" sid="2820269094143783" type="Audio">
                    <param id="0" name="Audio file">NewAchievement1</param>
                    <param id="2" name="Loop">0</param>
                    <param id="3" name="Volume">0</param>
                    <param id="1" name="Tag (optional)">&quot;&quot;</param>
                </action>
            </actions>
        </event-block>
        <event-block sid="1862289606386461">
            <conditions>
                <condition id="0" name="On collision with another object" sid="1124056769682569" type="whale">
                    <param id="0" name="Object">boy</param>
                </condition>
            </conditions>
            <actions>
                <action id="-11" name="Subtract from" sid="9264704753626412" type="System">
                    <param id="0" name="Variable">score</param>
                    <param id="1" name="Value">3</param>
                </action>
            </actions>
        </event-block>
        <event-block sid="5565717965209835">
            <conditions>
                <condition id="0" name="On collision with another object" sid="6923477915522376" type="girl">
                    <param id="0" name="Object">whale</param>
                </condition>
            </conditions>
            <actions>
                <action behavior="Bullet" id="4" name="Bounce off object" sid="7654562943683398" type="girl">
                    <param id="0" name="Object">whale</param>
                </action>
            </actions>
        </event-block>
        <event-block sid="9164758562627862">
            <conditions>
                <condition id="-4" name="Is outside layout" sid="2878924725931218" type="whale" />
            </conditions>
            <actions>
                <action id="-22" name="Set angle toward position" sid="851708189478978" type="whale">
                    <param id="0" name="X">boy.X</param>
                    <param id="1" name="Y">boy.Y</param>
                </action>
            </actions>
        </event-block>
        <event-block sid="7450905176562491">
            <conditions>
                <condition id="0" name="On collision with another object" sid="2881479827223148" type="girl2">
                    <param id="0" name="Object">boy</param>
                </condition>
            </conditions>
            <actions>
                <action id="-11" name="Subtract from" sid="8868012058031521" type="System">
                    <param id="0" name="Variable">health</param>
                    <param id="1" name="Value">1</param>
                </action>
                <action id="0" name="Play" sid="2360725708369292" type="Audio">
                    <param id="0" name="Audio file">ouch 1</param>
                    <param id="2" name="Loop">0</param>
                    <param id="3" name="Volume">0</param>
                    <param id="1" name="Tag (optional)">&quot;&quot;</param>
                </action>
            </actions>
        </event-block>
        <event-block sid="2050493762187118">
            <conditions>
                <condition id="-4" name="Is outside layout" sid="5779976491482117" type="girl2" />
            </conditions>
            <actions>
                <action id="-22" name="Set angle toward position" sid="5630526034614131" type="girl2">
                    <param id="0" name="X">boy.X</param>
                    <param id="1" name="Y">boy.Y</param>
                </action>
            </actions>
        </event-block>
        <event-block sid="4301652010757553">
            <conditions>
                <condition id="-11" name="For Each" sid="2614747263198455" type="System">
                    <param id="0" name="Object">girl2</param>
                </condition>
                <condition id="-8" name="Compare two values" sid="1923545888646199" type="System">
                    <param id="0" name="First value">distance(boy.X, boy.Y, girl.X, girl.Y)</param>
                    <param id="1" name="Comparison">2</param>
                    <param id="2" name="Second value">200</param>
                </condition>
            </conditions>
            <actions>
                <action id="-21" name="Rotate toward position" sid="292108955517259" type="girl2">
                    <param id="0" name="Degrees">random(4)</param>
                    <param id="1" name="X">boy.X</param>
                    <param id="2" name="Y">boy.Y</param>
                </action>
            </actions>
        </event-block>
        <event-block sid="5130606747268489">
            <conditions>
                <condition id="0" name="On collision with another object" sid="7474086431994802" type="girl2">
                    <param id="0" name="Object">whale</param>
                </condition>
            </conditions>
            <actions>
                <action behavior="Bullet" id="4" name="Bounce off object" sid="2129457860929516" type="girl2">
                    <param id="0" name="Object">whale</param>
                </action>
            </actions>
        </event-block>
        <event-block sid="3400134534398757">
            <conditions>
                <condition id="0" name="On collision with another object" sid="634269755418318" type="girl3">
                    <param id="0" name="Object">boy</param>
                </condition>
            </conditions>
            <actions>
                <action id="-11" name="Subtract from" sid="2807230208047658" type="System">
                    <param id="0" name="Variable">health</param>
                    <param id="1" name="Value">1</param>
                </action>
                <action id="0" name="Play" sid="7096904126538603" type="Audio">
                    <param id="0" name="Audio file">ouch 1</param>
                    <param id="2" name="Loop">0</param>
                    <param id="3" name="Volume">0</param>
                    <param id="1" name="Tag (optional)">&quot;&quot;</param>
                </action>
            </actions>
        </event-block>
        <event-block sid="6887361191541023">
            <conditions>
                <condition id="-4" name="Is outside layout" sid="9301398932239256" type="girl3" />
            </conditions>
            <actions>
                <action id="-22" name="Set angle toward position" sid="9518206787309549" type="girl3">
                    <param id="0" name="X">boy.X</param>
                    <param id="1" name="Y">boy.Y</param>
                </action>
            </actions>
        </event-block>
        <event-block sid="1995971114385577">
            <conditions>
                <condition id="-11" name="For Each" sid="2817724153365736" type="System">
                    <param id="0" name="Object">girl3</param>
                </condition>
                <condition id="-8" name="Compare two values" sid="5406647065312844" type="System">
                    <param id="0" name="First value">distance(boy.X, boy.Y, girl.X, girl.Y)</param>
                    <param id="1" name="Comparison">2</param>
                    <param id="2" name="Second value">200</param>
                </condition>
            </conditions>
            <actions>
                <action id="-21" name="Rotate toward position" sid="3381596179722645" type="girl3">
                    <param id="0" name="Degrees">random(4)</param>
                    <param id="1" name="X">boy.X</param>
                    <param id="2" name="Y">boy.Y</param>
                </action>
            </actions>
        </event-block>
        <event-block sid="8172567758586937">
            <conditions>
                <condition id="0" name="On collision with another object" sid="3270680845131343" type="girl3">
                    <param id="0" name="Object">whale</param>
                </condition>
            </conditions>
            <actions>
                <action behavior="Bullet" id="4" name="Bounce off object" sid="9609453786060517" type="girl3">
                    <param id="0" name="Object">whale</param>
                </action>
            </actions>
        </event-block>
        <event-block sid="2964519022913772">
            <conditions>
                <condition id="-6" name="Every X seconds" sid="3727410998329481" type="System">
                    <param id="0" name="Interval (seconds)">8</param>
                </condition>
            </conditions>
            <actions>
                <action behavior="Bullet" id="1" name="Set acceleration" sid="8631565352180228" type="girl2">
                    <param id="0" name="Acceleration">1</param>
                </action>
                <action behavior="Bullet" id="0" name="Set speed" sid="3937305033636015" type="girl3">
                    <param id="0" name="Speed">110</param>
                </action>
            </actions>
        </event-block>
        <event-block sid="3162316692460774">
            <conditions>
                <condition id="-14" name="Compare variable" sid="1659910754090391" type="System">
                    <param id="0" name="Variable">score</param>
                    <param id="1" name="Comparison">2</param>
                    <param id="2" name="Value">0</param>
                </condition>
            </conditions>
            <actions>
                <action id="-9" name="Set value" sid="3528662343974063" type="System">
                    <param id="0" name="Variable">score</param>
                    <param id="1" name="Value">0</param>
                </action>
            </actions>
        </event-block>
    </events>
</c2eventsheet>
