﻿<?xml version="1.0" encoding="utf-8" ?>
<c2eventsheet>
    <!--All the 'name' attributes are ignored by Construct 2 - they are there for readability only.-->
    <name>Event sheet 2</name>
    <events>
        <event-block sid="6314200191516932">
            <conditions>
                <condition id="6" name="On object clicked" sid="3868773474201288" type="Mouse">
                    <param id="0" name="Mouse button">0</param>
                    <param id="1" name="Click type">0</param>
                    <param id="2" name="Object clicked">MenuText</param>
                </condition>
            </conditions>
            <actions />
            <sub-events>
                <event-block sid="1298465906535707">
                    <conditions>
                        <condition id="-7" name="Compare instance variable" sid="2219060502447169" type="MenuText">
                            <param id="0" name="Instance variable">Type</param>
                            <param id="1" name="Comparison">0</param>
                            <param id="2" name="Value">&quot;button&quot;</param>
                        </condition>
                    </conditions>
                    <actions />
                    <sub-events>
                        <event-block sid="4127962353301359">
                            <conditions>
                                <condition id="-7" name="Compare instance variable" sid="6386941941438056" type="MenuText">
                                    <param id="0" name="Instance variable">Destination</param>
                                    <param id="1" name="Comparison">0</param>
                                    <param id="2" name="Value">&quot;Layout 7&quot;</param>
                                </condition>
                            </conditions>
                            <actions>
                                <action id="-2" name="Go to layout" sid="9216218445092365" type="System">
                                    <param id="0" name="Layout">Layout 7</param>
                                </action>
                            </actions>
                        </event-block>
                        <event-block sid="7060114915651953">
                            <conditions>
                                <condition id="-7" name="Compare instance variable" sid="6361585592554007" type="MenuText">
                                    <param id="0" name="Instance variable">Destination</param>
                                    <param id="1" name="Comparison">0</param>
                                    <param id="2" name="Value">&quot;Layout 10&quot;</param>
                                </condition>
                            </conditions>
                            <actions>
                                <action id="-2" name="Go to layout" sid="3649102976542665" type="System">
                                    <param id="0" name="Layout">Layout 5</param>
                                </action>
                            </actions>
                        </event-block>
                        <event-block sid="3320353280571185">
                            <conditions>
                                <condition id="-7" name="Compare instance variable" sid="8067610772712243" type="MenuText">
                                    <param id="0" name="Instance variable">Destination</param>
                                    <param id="1" name="Comparison">0</param>
                                    <param id="2" name="Value">&quot;Layout 3&quot;</param>
                                </condition>
                            </conditions>
                            <actions>
                                <action id="-2" name="Go to layout" sid="5179252934527764" type="System">
                                    <param id="0" name="Layout">Layout 3</param>
                                </action>
                            </actions>
                        </event-block>
                        <event-block sid="1981416839716167">
                            <conditions>
                                <condition id="-7" name="Compare instance variable" sid="9541065514829478" type="MenuText">
                                    <param id="0" name="Instance variable">Destination</param>
                                    <param id="1" name="Comparison">0</param>
                                    <param id="2" name="Value">&quot;Layout 6&quot;</param>
                                </condition>
                            </conditions>
                            <actions>
                                <action id="-2" name="Go to layout" sid="3888840075220106" type="System">
                                    <param id="0" name="Layout">Layout 6</param>
                                </action>
                            </actions>
                        </event-block>
                    </sub-events>
                </event-block>
                <event-block sid="3593286568076464">
                    <conditions>
                        <condition id="-7" name="Compare instance variable" sid="3254870725964594" type="MenuText">
                            <param id="0" name="Instance variable">Type</param>
                            <param id="1" name="Comparison">0</param>
                            <param id="2" name="Value">&quot;weblink&quot;</param>
                        </condition>
                    </conditions>
                    <actions>
                        <action id="8" name="Open URL in new window" sid="7842578097476015" type="Browser">
                            <param id="0" name="URL">MenuText.Destination</param>
                            <param id="1" name="Tag">&quot;NewWindow&quot;</param>
                        </action>
                    </actions>
                </event-block>
            </sub-events>
        </event-block>
        <event-block sid="4432684657953468">
            <conditions>
                <condition id="-11" name="For Each" sid="1382616341628201" type="System">
                    <param id="0" name="Object">MenuText</param>
                </condition>
            </conditions>
            <actions />
            <sub-events>
                <event-block sid="7668518399862046">
                    <conditions>
                        <condition id="7" name="Cursor is over object" sid="6960629591626965" type="Mouse">
                            <param id="0" name="Object">MenuText</param>
                        </condition>
                    </conditions>
                    <actions>
                        <action id="-16" name="Set opacity" sid="5483310164908608" type="MenuText">
                            <param id="0" name="Opacity">70</param>
                        </action>
                        <action id="3" name="Set font size" sid="1710961567565001" type="MenuText">
                            <param id="0" name="Size (pt)">35</param>
                        </action>
                    </actions>
                </event-block>
                <event-block sid="7206017945370163">
                    <conditions>
                        <condition id="7" inverted="1" name="Cursor is over object" sid="3774283320181983" type="Mouse">
                            <param id="0" name="Object">MenuText</param>
                        </condition>
                    </conditions>
                    <actions>
                        <action id="-16" name="Set opacity" sid="3651972144739042" type="MenuText">
                            <param id="0" name="Opacity">100</param>
                        </action>
                        <action id="3" name="Set font size" sid="3049575028069591" type="MenuText">
                            <param id="0" name="Size (pt)">28</param>
                        </action>
                    </actions>
                </event-block>
            </sub-events>
        </event-block>
    </events>
</c2eventsheet>
