﻿<?xml version="1.0" encoding="utf-8" ?>
<c2eventsheet>
    <!--All the 'name' attributes are ignored by Construct 2 - they are there for readability only.-->
    <name>Event sheet 5</name>
    <events>
        <event-block sid="735883645580204">
            <conditions>
                <condition id="0" name="On key pressed" sid="2711627487669372" type="Keyboard">
                    <param id="0" name="Key">32 (Space)</param>
                </condition>
            </conditions>
            <actions>
                <action id="-2" name="Go to layout" sid="1278530207764086" type="System">
                    <param id="0" name="Layout">Layout 2</param>
                </action>
            </actions>
        </event-block>
    </events>
</c2eventsheet>
