﻿<?xml version="1.0" encoding="utf-8" ?>
<c2eventsheet>
    <!--All the 'name' attributes are ignored by Construct 2 - they are there for readability only.-->
    <name>Event sheet 1</name>
    <events>
        <event-block sid="75810197456657">
            <conditions>
                <condition id="0" name="On collision with another object" sid="9262010103805449" type="player_loading">
                    <param id="0" name="Object">ball_loading</param>
                </condition>
            </conditions>
            <actions>
                <action id="-2" name="Go to layout" sid="271692242392865" type="System">
                    <param id="0" name="Layout">Layout 2</param>
                </action>
            </actions>
        </event-block>
    </events>
</c2eventsheet>
