﻿<?xml version="1.0" encoding="utf-8" ?>
<c2eventsheet>
    <!--All the 'name' attributes are ignored by Construct 2 - they are there for readability only.-->
    <name>Event sheet 4</name>
    <events>
        <event-block sid="7954312068219321">
            <conditions>
                <condition id="0" name="On key pressed" sid="1196518203849981" type="Keyboard">
                    <param id="0" name="Key">32 (Space)</param>
                </condition>
                <condition id="-8" name="Compare two values" sid="5606086269898806" type="System">
                    <param id="0" name="First value">boy.Count</param>
                    <param id="1" name="Comparison">0</param>
                    <param id="2" name="Second value">0</param>
                </condition>
            </conditions>
            <actions>
                <action id="-2" name="Go to layout" sid="3128587093321273" type="System">
                    <param id="0" name="Layout">Layout 2</param>
                </action>
                <action id="-9" name="Set value" sid="352768558567373" type="System">
                    <param id="0" name="Variable">score</param>
                    <param id="1" name="Value">0</param>
                </action>
                <action id="-9" name="Set value" sid="6306329511166394" type="System">
                    <param id="0" name="Variable">timer</param>
                    <param id="1" name="Value">0</param>
                </action>
                <action id="-9" name="Set value" sid="4899562004394092" type="System">
                    <param id="0" name="Variable">health</param>
                    <param id="1" name="Value">2</param>
                </action>
                <action id="-9" name="Set value" sid="8541444961846547" type="System">
                    <param id="0" name="Variable">fishcount</param>
                    <param id="1" name="Value">0</param>
                </action>
                <action id="-9" name="Set value" sid="3128381638579237" type="System">
                    <param id="0" name="Variable">girlspeed</param>
                    <param id="1" name="Value">100</param>
                </action>
            </actions>
        </event-block>
        <event-block sid="288269511641008">
            <conditions>
                <condition id="-2" name="On start of layout" sid="3150291474576829" type="System" />
            </conditions>
            <actions>
                <action id="-10" name="Set value" sid="9289758657971556" type="scorefinal">
                    <param id="0" name="Instance variable">scorefinal</param>
                    <param id="1" name="Value">score</param>
                </action>
                <action id="0" name="Set text" sid="714036623312452" type="scorefinal">
                    <param id="0" name="Text">&quot;Final Score : &quot;&amp;score</param>
                </action>
                <action id="-10" name="Set value" sid="1611790181298463" type="timesurvived">
                    <param id="0" name="Instance variable">timesurvived</param>
                    <param id="1" name="Value">timer</param>
                </action>
                <action disabled="1" id="0" name="Set text" sid="9942586906878706" type="timesurvived">
                    <param id="0" name="Text">&quot;Time Survived :  &quot;&amp;timer &amp; &quot; Seconds&quot;</param>
                </action>
                <action id="1" name="Append text" sid="5872626410226373" type="timesurvived">
                    <param id="0" name="Text">floor(timer / 3600) &amp; &quot;h &quot; &amp; floor(timer / 60 % 60) &amp; &quot;m &quot; &amp; floor(timer % 60) &amp; &quot;s&quot;</param>
                </action>
                <action id="-10" name="Set value" sid="1100316747970848" type="fishescaught">
                    <param id="0" name="Instance variable">fishcaught</param>
                    <param id="1" name="Value">fishcount</param>
                </action>
                <action id="0" name="Set text" sid="1377680729635453" type="fishescaught">
                    <param id="0" name="Text">&quot;Fishes Caught : &quot;&amp;fishcount</param>
                </action>
            </actions>
        </event-block>
    </events>
</c2eventsheet>
