﻿<?xml version="1.0" encoding="utf-8" ?>
<c2uistate>
    <!--This is a UI state file - its content describes the user interface settings when the project was last open.
It is entirely optional and the project will load without it.  If you are placing the project under source control,
you probably do not want to add any .uistate.xml files to the repository.-->
    <configurations>
        <active>
            <configuration name="HTML5" />
        </active>
        <display name="HTML5" />
    </configurations>
    <open-tabs>
        <layout>Layout 1</layout>
        <layout>Layout 2</layout>
        <layout>Layout 3</layout>
        <layout>Layout 4</layout>
        <layout>Layout 5</layout>
        <layout>Layout 7</layout>
        <layout>Layout 6</layout>
        <event-sheet>Event sheet 1</event-sheet>
        <event-sheet>Event sheet 2</event-sheet>
        <event-sheet active="1">Event sheet 3</event-sheet>
        <event-sheet>Event sheet 4</event-sheet>
        <event-sheet>Event sheet 5</event-sheet>
    </open-tabs>
    <properties>
        <property expanded="1" name="About" />
        <property expanded="1" name="Project settings" />
        <property expanded="1" name="Window Size" />
        <property expanded="1" name="Configuration Settings" />
    </properties>
    <families-expanded root="1">
        <family expanded="1" name="MenuText" />
    </families-expanded>
</c2uistate>
